{
  "count": 24,
  "exact_match": 0.5416666666666666,
  "f1": 0.6577380952380952,
  "numeric_accuracy": 0.5416666666666666,
  "groundedness": 0.5833333333333334,
  "lfm2_score": 0.5827380952380953,
  "by_qa_type": {
    "multi_hop": {
      "count": 12,
      "exact_match": 0.08333333333333333,
      "f1": 0.31547619047619047,
      "numeric_accuracy": 0.08333333333333333,
      "groundedness": 0.16666666666666666,
      "lfm2_score": 0.16547619047619047
    },
    "single_hop": {
      "count": 12,
      "exact_match": 1.0,
      "f1": 1.0,
      "numeric_accuracy": 1.0,
      "groundedness": 1.0,
      "lfm2_score": 1.0
    }
  }
}