{
  "count": 4,
  "exact_match": 0.0,
  "f1": 0.12532467532467534,
  "numeric_accuracy": 0.75,
  "groundedness": 1.0,
  "lfm2_score": 0.37509740259740265,
  "by_qa_type": {
    "multi_hop": {
      "count": 2,
      "exact_match": 0.0,
      "f1": 0.13636363636363635,
      "numeric_accuracy": 0.5,
      "groundedness": 1.0,
      "lfm2_score": 0.3159090909090909
    },
    "single_hop": {
      "count": 2,
      "exact_match": 0.0,
      "f1": 0.1142857142857143,
      "numeric_accuracy": 1.0,
      "groundedness": 1.0,
      "lfm2_score": 0.43428571428571433
    }
  }
}