{
  "count": 24,
  "exact_match": 0.0,
  "f1": 0.015820707070707072,
  "numeric_accuracy": 0.041666666666666664,
  "end_to_end_score": 0.024287247474747475
}