{
  "count": 24,
  "exact_match": 0.6666666666666666,
  "f1": 0.7507936507936508,
  "numeric_accuracy": 0.8333333333333334,
  "groundedness": 0.5833333333333334,
  "executor_score": 0.7210714285714285
}