{
  "count": 12,
  "planner_score": 1.0,
  "planner_source_accuracy": 1.0,
  "planner_qa_type_accuracy": 1.0,
  "exact_match": 0.0,
  "f1": 0.08585858585858586,
  "numeric_accuracy": 0.16666666666666666,
  "groundedness": 0.08333333333333333,
  "executor_score": 0.07992424242424241,
  "component_support_rate": 1.0,
  "evidence_number_coverage": 0.7236111111111111,
  "component_count_ok_rate": 1.0,
  "retrieval_component_score": 0.9078703703703704,
  "end_to_end_score": 0.5174410774410775,
  "fallback_usage_rate": 1.0,
  "by_qa_type": {
    "multi_hop": {
      "count": 12,
      "planner_score": 1.0,
      "exact_match": 0.0,
      "f1": 0.08585858585858586,
      "numeric_accuracy": 0.16666666666666666,
      "groundedness": 0.08333333333333333,
      "executor_score": 0.07992424242424241,
      "component_support_rate": 1.0,
      "evidence_number_coverage": 0.7236111111111111,
      "component_count_ok_rate": 1.0,
      "retrieval_component_score": 0.9078703703703704,
      "end_to_end_score": 0.5174410774410775,
      "fallback_usage_rate": 1.0
    }
  },
  "failure_summary": {
    "planner_invalid_json": 0,
    "planner_wrong_source": 0,
    "multi_hop_missing_components": 0,
    "multi_hop_component_not_grounded": 0,
    "executor_not_found": 9,
    "gemini_fallback_used": 12
  }
}