{
  "best_global_step": null,
  "best_metric": null,
  "best_model_checkpoint": null,
  "epoch": 2.0,
  "eval_steps": 500,
  "global_step": 24,
  "is_hyper_param_search": false,
  "is_local_process_zero": true,
  "is_world_process_zero": true,
  "log_history": [
    {
      "entropy": 1.5705987334251403,
      "epoch": 0.4166666666666667,
      "grad_norm": 1.546875,
      "learning_rate": 0.00018823529411764707,
      "loss": 2.8379,
      "mean_token_accuracy": 0.589957720041275,
      "num_tokens": 14100.0,
      "step": 5
    },
    {
      "entropy": 1.7948298275470733,
      "epoch": 0.8333333333333334,
      "grad_norm": 1.265625,
      "learning_rate": 0.0001588235294117647,
      "loss": 1.6087,
      "mean_token_accuracy": 0.7143664807081223,
      "num_tokens": 28398.0,
      "step": 10
    },
    {
      "entropy": 0.946044635772705,
      "epoch": 1.25,
      "grad_norm": 0.87109375,
      "learning_rate": 0.00012941176470588237,
      "loss": 0.6513,
      "mean_token_accuracy": 0.878565201163292,
      "num_tokens": 42580.0,
      "step": 15
    },
    {
      "entropy": 0.30179626271128657,
      "epoch": 1.6666666666666665,
      "grad_norm": 0.80859375,
      "learning_rate": 0.0001,
      "loss": 0.2328,
      "mean_token_accuracy": 0.9648436367511749,
      "num_tokens": 56607.0,
      "step": 20
    }
  ],
  "logging_steps": 5,
  "max_steps": 36,
  "num_input_tokens_seen": 0,
  "num_train_epochs": 3,
  "save_steps": 50,
  "stateful_callbacks": {
    "TrainerControl": {
      "args": {
        "should_epoch_stop": false,
        "should_evaluate": false,
        "should_log": false,
        "should_save": true,
        "should_training_stop": false
      },
      "attributes": {}
    }
  },
  "total_flos": 1409447051071488.0,
  "train_batch_size": 2,
  "trial_name": null,
  "trial_params": null
}
